mAP50-95,mAP50,Precision,Recall
0.4545496819080451,0.8873868226158279,0.8616124392141471,0.810930576070901
